{"mean": [7842.725856697819, 309.7071651090343, 29.65576323987539, 69.02803738317758, 5.029595015576324, 28.078037383177566, 4.465732087227415, 58.09034267912772, 63.79127725856698, 74.34735202492212, 6.738691588785047, 0.19048444111052784], "scale": [3244.346719794463, 161.2364459614935, 15.241714141219033, 56.13881181587558, 3.6986226481365314, 2.057567268407781, 1.8636990091639185, 26.25826557671935, 28.22953401281092, 31.051999912979916, 2.5607067696896175, 0.19095405938890594], "metrics": ["Distance (m)", "High Intensity Running (m)", "No. of High Intensity Events", "Sprint Distance (m)", "No. of Sprints", "Top Speed (kph)", "Avg Speed (kph)", "Accelerations", "Decelerations", "Metres per Minute (m)", "Workload Intensity", "Explosividade"]}